,Trial,Treatment,FI,BIX,HIX,ABS254,Burn,Precipitation,Drainage,Forest,Elevation,Developed Land,Impervious Land,Herb Land,Slope,t0,t28
0,1.0,2.0,1.71,0.752,8.91,0.12,1.0,1.9116666666666664,236.0,64.8,7320.0,0.8,0.0995,3.55,52.3,7.948749999583277,6.504375
1,1.0,1.0,1.71,0.752,8.91,0.12,1.0,1.9116666666666664,236.0,64.8,7320.0,0.8,0.0995,3.55,52.3,7.948749998201932,13.09858333
2,1.0,4.0,1.72,0.739,9.03,0.142,1.0,1.9116666666666664,236.0,64.8,7320.0,0.8,0.0995,3.55,52.3,7.948750000353292,6.305375
3,1.0,3.0,1.72,0.739,9.03,0.142,1.0,1.9116666666666664,236.0,64.8,7320.0,0.8,0.0995,3.55,52.3,21.78194157022072,13.41033333
4,2.0,2.0,1.66,0.817,7.5,0.0903,1.0,1.9116666666666664,236.0,64.8,7320.0,0.8,0.0995,3.55,52.3,4.2153749999154755,2.765375
5,2.0,1.0,1.66,0.817,7.5,0.0903,1.0,1.9116666666666664,236.0,64.8,7320.0,0.8,0.0995,3.55,52.3,4.215375000184642,3.633375
6,2.0,4.0,1.67,0.808,6.9,0.0831,1.0,1.9116666666666664,236.0,64.8,7320.0,0.8,0.0995,3.55,52.3,4.215374999937851,2.59525
7,2.0,3.0,1.67,0.808,6.9,0.0831,1.0,1.9116666666666664,236.0,64.8,7320.0,0.8,0.0995,3.55,52.3,4.215375000350861,21.297
8,1.0,2.0,1.66,0.698,4.34,0.0679,1.0,2.1399999999999997,150.0,56.7,7090.0,0.38,0.0109,4.84,52.6,4.947874999799107,2.986625
9,1.0,1.0,1.66,0.698,4.34,0.0679,1.0,2.1399999999999997,150.0,56.7,7090.0,0.38,0.0109,4.84,52.6,4.947875000156653,3.9805
10,1.0,4.0,1.63,0.685,4.67,0.0763,1.0,2.1399999999999997,150.0,56.7,7090.0,0.38,0.0109,4.84,52.6,4.947874999998259,4.192625
11,1.0,3.0,1.63,0.685,4.67,0.0763,1.0,2.1399999999999997,150.0,56.7,7090.0,0.38,0.0109,4.84,52.6,4.947874999830055,9.364708333
12,1.0,2.0,1.62,0.643,3.62,0.0757,1.0,2.345,7.69,51.5,7020.0,0.0,0.0,5.91,67.8,5.670750000151183,3.0495
13,1.0,1.0,1.62,0.643,3.62,0.0757,1.0,2.345,7.69,51.5,7020.0,0.0,0.0,5.91,67.8,5.670750000191105,3.0905
14,1.0,4.0,1.63,0.598,8.65,0.0631,1.0,2.345,7.69,51.5,7020.0,0.0,0.0,5.91,67.8,5.67074999910611,3.147208333
15,1.0,3.0,1.63,0.598,8.65,0.0631,1.0,2.345,7.69,51.5,7020.0,0.0,0.0,5.91,67.8,5.670750000122114,8.32525
16,2.0,2.0,1.67,0.689,6.25,0.0529,1.0,2.345,7.69,51.5,7020.0,0.0,0.0,5.91,67.8,2.9499999999917943,1.7975
17,2.0,1.0,1.67,0.689,6.25,0.0529,1.0,2.345,7.69,51.5,7020.0,0.0,0.0,5.91,67.8,2.9499999999847013,1.92825
18,2.0,4.0,1.67,0.807,4.67,0.0451,1.0,2.345,7.69,51.5,7020.0,0.0,0.0,5.91,67.8,2.9500000000287336,1.54
19,2.0,3.0,1.67,0.807,4.67,0.0451,1.0,2.345,7.69,51.5,7020.0,0.0,0.0,5.91,67.8,2.9499999997655006,16.983
20,1.0,2.0,1.68,0.709,6.45,0.0561,1.0,2.364166666666667,18.1,59.8,6640.0,0.0,0.0,4.19,48.0,5.464249999948482,3.054625
21,1.0,1.0,1.68,0.709,6.45,0.0561,1.0,2.364166666666667,18.1,59.8,6640.0,0.0,0.0,4.19,48.0,5.464249999854145,3.328625
22,1.0,4.0,1.69,0.691,6.42,0.0582,1.0,2.364166666666667,18.1,59.8,6640.0,0.0,0.0,4.19,48.0,5.464250000224877,3.058625
23,1.0,3.0,1.69,0.691,6.42,0.0582,1.0,2.364166666666667,18.1,59.8,6640.0,0.0,0.0,4.19,48.0,5.464250000039776,7.63125
24,2.0,2.0,1.67,0.713,7.53,0.0805,1.0,2.364166666666667,18.1,59.8,6640.0,0.0,0.0,4.19,48.0,4.32987500032705,2.61325
25,2.0,1.0,1.67,0.713,7.53,0.0805,1.0,2.364166666666667,18.1,59.8,6640.0,0.0,0.0,4.19,48.0,4.329874999888124,2.978625
26,2.0,4.0,1.68,0.709,5.53,0.0727,1.0,2.364166666666667,18.1,59.8,6640.0,0.0,0.0,4.19,48.0,4.329875000173234,2.502875
27,2.0,3.0,1.68,0.709,5.53,0.0727,1.0,2.364166666666667,18.1,59.8,6640.0,0.0,0.0,4.19,48.0,4.329875000802161,11.31775
28,1.0,2.0,1.64,0.621,6.73,0.0781,0.0,2.2383333333333333,35.8,59.0,7390.0,0.65,0.0195,2.5,55.5,6.514125000356074,3.267125
29,1.0,1.0,1.64,0.621,6.73,0.0781,0.0,2.2383333333333333,35.8,59.0,7390.0,0.65,0.0195,2.5,55.5,6.514125000268056,4.55225
30,1.0,4.0,1.61,0.604,6.33,0.0855,0.0,2.2383333333333333,35.8,59.0,7390.0,0.65,0.0195,2.5,55.5,6.5141250005851745,3.179
31,1.0,3.0,1.61,0.604,6.33,0.0855,0.0,2.2383333333333333,35.8,59.0,7390.0,0.65,0.0195,2.5,55.5,6.514125000084394,11.4855
32,2.0,2.0,1.67,0.681,4.44,0.062,0.0,2.2383333333333333,35.8,59.0,7390.0,0.65,0.0195,2.5,55.5,1.9814999998936076,1.335375
33,2.0,1.0,1.67,0.681,4.44,0.062,0.0,2.2383333333333333,35.8,59.0,7390.0,0.65,0.0195,2.5,55.5,1.9815000003170615,2.135541667
34,2.0,4.0,1.7,0.697,3.29,0.0357,0.0,2.2383333333333333,35.8,59.0,7390.0,0.65,0.0195,2.5,55.5,1.981500000132178,1.2705
35,2.0,3.0,1.7,0.697,3.29,0.0357,0.0,2.2383333333333333,35.8,59.0,7390.0,0.65,0.0195,2.5,55.5,1.9814999993050266,11.94933333
36,1.0,2.0,1.6,0.736,4.33,0.0576,0.0,2.0849999999999995,39.0,60.3,7510.0,0.83,0.0214,5.44,51.1,4.896625000287069,3.620625
37,1.0,1.0,1.6,0.736,4.33,0.0576,0.0,2.0849999999999995,39.0,60.3,7510.0,0.83,0.0214,5.44,51.1,4.896624999794045,3.68575
38,1.0,4.0,1.62,0.709,5.92,0.057,0.0,2.0849999999999995,39.0,60.3,7510.0,0.83,0.0214,5.44,51.1,4.896625000115091,3.788125
39,1.0,3.0,1.62,0.709,5.92,0.057,0.0,2.0849999999999995,39.0,60.3,7510.0,0.83,0.0214,5.44,51.1,4.896625000238769,13.212125
40,2.0,2.0,1.62,0.75,4.21,0.0743,0.0,2.0849999999999995,39.0,60.3,7510.0,0.83,0.0214,5.44,51.1,3.586250000127451,2.775125
41,2.0,1.0,1.62,0.75,4.21,0.0743,0.0,2.0849999999999995,39.0,60.3,7510.0,0.83,0.0214,5.44,51.1,3.5862499998748136,3.94975
42,2.0,4.0,1.62,0.734,3.99,0.0685,0.0,2.0849999999999995,39.0,60.3,7510.0,0.83,0.0214,5.44,51.1,3.5862500003302746,2.690166667
43,2.0,3.0,1.62,0.734,3.99,0.0685,0.0,2.0849999999999995,39.0,60.3,7510.0,0.83,0.0214,5.44,51.1,3.5862499996154,9.627666667
44,1.0,2.0,1.59,0.687,5.53,0.0551,0.0,1.9808333333333337,17.0,58.2,7480.0,0.0748,0.00588,3.86,53.8,4.342249999741274,2.334125
45,1.0,1.0,1.59,0.687,5.53,0.0551,0.0,1.9808333333333337,17.0,58.2,7480.0,0.0748,0.00588,3.86,53.8,4.342250000074458,3.52825
46,1.0,4.0,1.57,0.706,2.46,0.067,0.0,1.9808333333333337,17.0,58.2,7480.0,0.0748,0.00588,3.86,53.8,4.342250000061136,2.446875
47,1.0,3.0,1.57,0.706,2.46,0.067,0.0,1.9808333333333337,17.0,58.2,7480.0,0.0748,0.00588,3.86,53.8,4.342249999368123,9.70325
48,2.0,2.0,1.66,0.692,8.17,0.0659,0.0,1.9808333333333337,17.0,58.2,7480.0,0.0748,0.00588,3.86,53.8,3.6206250002293627,2.429
49,2.0,1.0,1.66,0.692,8.17,0.0659,0.0,1.9808333333333337,17.0,58.2,7480.0,0.0748,0.00588,3.86,53.8,3.6206249997469864,2.475625
50,2.0,4.0,1.66,0.695,6.23,0.0576,0.0,1.9808333333333337,17.0,58.2,7480.0,0.0748,0.00588,3.86,53.8,3.620624999801212,2.228875
51,2.0,3.0,1.66,0.695,6.23,0.0576,0.0,1.9808333333333337,17.0,58.2,7480.0,0.0748,0.00588,3.86,53.8,3.620625000565744,8.703666667
52,1.0,2.0,1.69,0.742,6.47,0.0986,1.0,1.8975,619.0,57.6,7110.0,0.84,0.0845,5.27,49.4,7.172874999923492,4.759125
53,1.0,1.0,1.69,0.742,6.47,0.0986,1.0,1.8975,619.0,57.6,7110.0,0.84,0.0845,5.27,49.4,7.172875000335892,5.99
54,1.0,4.0,1.7,0.722,7.43,0.0965,1.0,1.8975,619.0,57.6,7110.0,0.84,0.0845,5.27,49.4,7.172875000393942,4.735
55,1.0,3.0,1.7,0.722,7.43,0.0965,1.0,1.8975,619.0,57.6,7110.0,0.84,0.0845,5.27,49.4,7.17287499976046,9.22475
56,2.0,2.0,1.64,0.744,4.99,0.0722,1.0,1.8975,619.0,57.6,7110.0,0.84,0.0845,5.27,49.4,3.808624999998934,3.03725
57,2.0,1.0,1.64,0.744,4.99,0.0722,1.0,1.8975,619.0,57.6,7110.0,0.84,0.0845,5.27,49.4,3.808625000002399,3.55625
58,2.0,4.0,1.63,0.75,4.19,0.0703,1.0,1.8975,619.0,57.6,7110.0,0.84,0.0845,5.27,49.4,3.8086249999474657,3.09925
59,2.0,3.0,1.63,0.75,4.19,0.0703,1.0,1.8975,619.0,57.6,7110.0,0.84,0.0845,5.27,49.4,3.8086250005900957,9.905666667
60,1.0,2.0,1.79,0.639,5.09,0.0458,0.0,2.410833333333333,58.8,56.3,7300.0,0.0629,0.00188,7.64,68.3,5.507280650144469,8.47337265
61,1.0,1.0,1.79,0.639,5.09,0.0458,0.0,2.410833333333333,58.8,56.3,7300.0,0.0629,0.00188,7.64,68.3,5.507280650050362,8.76018815
62,1.0,4.0,1.76,0.57,10.4,0.0741,0.0,2.410833333333333,58.8,56.3,7300.0,0.0629,0.00188,7.64,68.3,5.507280650054547,7.306461525
63,1.0,3.0,1.76,0.57,10.4,0.0741,0.0,2.410833333333333,58.8,56.3,7300.0,0.0629,0.00188,7.64,68.3,5.5072806499970115,5.702023025
64,2.0,2.0,1.73,0.682,6.02,0.0261,0.0,2.410833333333333,58.8,56.3,7300.0,0.0629,0.00188,7.64,68.3,1.9789999999024752,0.972
65,2.0,1.0,1.73,0.682,6.02,0.0261,0.0,2.410833333333333,58.8,56.3,7300.0,0.0629,0.00188,7.64,68.3,1.9790000000093022,2.063625
66,2.0,4.0,1.76,0.676,4.74,0.0182,0.0,2.410833333333333,58.8,56.3,7300.0,0.0629,0.00188,7.64,68.3,1.9789999999378751,1.013
67,2.0,3.0,1.76,0.676,4.74,0.0182,0.0,2.410833333333333,58.8,56.3,7300.0,0.0629,0.00188,7.64,68.3,1.9790000000449697,16.54675
68,1.0,2.0,1.62,0.608,9.41,0.111,0.0,2.3416666666666663,42.2,66.3,7100.0,0.96,0.0193,5.16,66.2,5.896148150431257,3.859531775
69,1.0,1.0,1.62,0.608,9.41,0.111,0.0,2.3416666666666663,42.2,66.3,7100.0,0.96,0.0193,5.16,66.2,5.896148150235131,4.5799654
70,1.0,4.0,1.61,0.604,6.75,0.124,0.0,2.3416666666666663,42.2,66.3,7100.0,0.96,0.0193,5.16,66.2,5.896148149945211,4.12957865
71,1.0,3.0,1.61,0.604,6.75,0.124,0.0,2.3416666666666663,42.2,66.3,7100.0,0.96,0.0193,5.16,66.2,5.896148149734569,6.525640275
72,2.0,2.0,1.77,0.676,5.44,0.0257,0.0,2.3416666666666663,42.2,66.3,7100.0,0.96,0.0193,5.16,66.2,2.367625000010345,1.007
73,2.0,1.0,1.77,0.676,5.44,0.0257,0.0,2.3416666666666663,42.2,66.3,7100.0,0.96,0.0193,5.16,66.2,2.3676250004987316,1.421041667
74,2.0,4.0,1.8,0.666,4.05,0.0183,0.0,2.3416666666666663,42.2,66.3,7100.0,0.96,0.0193,5.16,66.2,2.3676249998659724,0.952375
75,2.0,3.0,1.8,0.666,4.05,0.0183,0.0,2.3416666666666663,42.2,66.3,7100.0,0.96,0.0193,5.16,66.2,2.3676249996598253,17.09033333
76,1.0,2.0,1.69,0.742,5.24,0.0586,0.0,1.9149999999999998,11.0,47.5,7000.0,0.12,0.00834,7.05,37.6,6.62137500033615,2.825875
77,1.0,1.0,1.69,0.742,5.24,0.0586,0.0,1.9149999999999998,11.0,47.5,7000.0,0.12,0.00834,7.05,37.6,6.621374999602237,4.614833333
78,1.0,4.0,1.7,0.704,7.15,0.0591,0.0,1.9149999999999998,11.0,47.5,7000.0,0.12,0.00834,7.05,37.6,6.621374998650199,2.599333333
79,1.0,3.0,1.7,0.704,7.15,0.0591,0.0,1.9149999999999998,11.0,47.5,7000.0,0.12,0.00834,7.05,37.6,6.621374999290964,5.833333333
80,2.0,2.0,1.66,0.721,6.27,0.118,0.0,1.9149999999999998,11.0,47.5,7000.0,0.12,0.00834,7.05,37.6,5.008124999812579,3.098
81,2.0,1.0,1.66,0.721,6.27,0.118,0.0,1.9149999999999998,11.0,47.5,7000.0,0.12,0.00834,7.05,37.6,5.00812499977519,4.10875
82,2.0,4.0,1.65,0.733,5.44,0.112,0.0,1.9149999999999998,11.0,47.5,7000.0,0.12,0.00834,7.05,37.6,5.008125000200597,2.90075
83,2.0,3.0,1.65,0.733,5.44,0.112,0.0,1.9149999999999998,11.0,47.5,7000.0,0.12,0.00834,7.05,37.6,5.008125000115138,7.291166667
84,1.0,2.0,1.69,0.72,7.8,0.15,1.0,1.9274999999999995,11.0,68.9,6870.0,0.0,0.0,2.04,34.7,12.784749999599978,7.859
85,1.0,1.0,1.69,0.72,7.8,0.15,1.0,1.9274999999999995,11.0,68.9,6870.0,0.0,0.0,2.04,34.7,12.784749996926314,13.99283333
86,1.0,4.0,1.69,0.712,8.91,0.143,1.0,1.9274999999999995,11.0,68.9,6870.0,0.0,0.0,2.04,34.7,12.784750000141429,10.05225
87,1.0,3.0,1.69,0.712,8.91,0.143,1.0,1.9274999999999995,11.0,68.9,6870.0,0.0,0.0,2.04,34.7,12.784750000092096,22.544625
88,1.0,2.0,1.72,0.729,6.9,0.129,1.0,2.0825,16.5,81.5,7680.0,0.0336,0.000336,1.34,64.1,9.36149999971059,6.944875
89,1.0,1.0,1.72,0.729,6.9,0.129,1.0,2.0825,16.5,81.5,7680.0,0.0336,0.000336,1.34,64.1,9.361500000225892,10.45175
90,1.0,4.0,1.72,0.718,7.8,0.128,1.0,2.0825,16.5,81.5,7680.0,0.0336,0.000336,1.34,64.1,9.361500000351677,7.11275
91,1.0,3.0,1.72,0.718,7.8,0.128,1.0,2.0825,16.5,81.5,7680.0,0.0336,0.000336,1.34,64.1,9.36150000022281,13.184625
92,1.0,2.0,1.67,0.852,5.65,0.0526,0.0,1.799166666666667,19.5,64.6,7540.0,0.00376,0.000691,2.96,70.5,4.837875000143037,2.699875
93,1.0,1.0,1.67,0.852,5.65,0.0526,0.0,1.799166666666667,19.5,64.6,7540.0,0.00376,0.000691,2.96,70.5,4.837874999943982,2.549875
94,1.0,4.0,1.66,0.843,6.28,0.0498,0.0,1.799166666666667,19.5,64.6,7540.0,0.00376,0.000691,2.96,70.5,4.837874999908217,2.399625
95,1.0,3.0,1.66,0.843,6.28,0.0498,0.0,1.799166666666667,19.5,64.6,7540.0,0.00376,0.000691,2.96,70.5,4.837874999906512,7.2235
96,2.0,2.0,1.72,0.835,6.87,0.0849,0.0,1.799166666666667,19.5,64.6,7540.0,0.00376,0.000691,2.96,70.5,4.304999999668134,2.20525
97,2.0,1.0,1.72,0.835,6.87,0.0849,0.0,1.799166666666667,19.5,64.6,7540.0,0.00376,0.000691,2.96,70.5,4.304999999810108,3.411958333
98,2.0,4.0,1.73,0.824,6.52,0.0739,0.0,1.799166666666667,19.5,64.6,7540.0,0.00376,0.000691,2.96,70.5,4.3050000002170465,2.201625
99,2.0,3.0,1.73,0.824,6.52,0.0739,0.0,1.799166666666667,19.5,64.6,7540.0,0.00376,0.000691,2.96,70.5,4.304999999812058,32.18295833
100,1.0,2.0,1.67,0.745,7.71,0.114,1.0,2.17,12.9,75.7,8020.0,2.66,0.089,2.04,40.7,8.02350000018407,5.6645
101,1.0,1.0,1.67,0.745,7.71,0.114,1.0,2.17,12.9,75.7,8020.0,2.66,0.089,2.04,40.7,8.023499999175629,6.769208333
102,1.0,4.0,1.68,0.715,8.56,0.112,1.0,2.17,12.9,75.7,8020.0,2.66,0.089,2.04,40.7,8.023499999991481,5.51025
103,1.0,3.0,1.68,0.715,8.56,0.112,1.0,2.17,12.9,75.7,8020.0,2.66,0.089,2.04,40.7,8.023499997433753,11.64358333
104,2.0,2.0,1.74,0.764,8.34,0.0608,1.0,2.17,12.9,75.7,8020.0,2.66,0.089,2.04,40.7,3.047749999871818,2.5025
105,2.0,1.0,1.74,0.764,8.34,0.0608,1.0,2.17,12.9,75.7,8020.0,2.66,0.089,2.04,40.7,3.047749999987346,3.91975
106,2.0,4.0,1.75,0.775,5.28,0.0391,1.0,2.17,12.9,75.7,8020.0,2.66,0.089,2.04,40.7,3.0477500001686595,2.182
107,2.0,3.0,1.75,0.775,5.28,0.0391,1.0,2.17,12.9,75.7,8020.0,2.66,0.089,2.04,40.7,3.0477499998548687,8.4315
108,1.0,2.0,1.67,0.718,6.76,0.113,1.0,1.9041666666666668,39.7,63.2,8020.0,0.0685,0.00108,4.17,38.7,6.439874999587224,3.8945
109,1.0,1.0,1.67,0.718,6.76,0.113,1.0,1.9041666666666668,39.7,63.2,8020.0,0.0685,0.00108,4.17,38.7,6.439875000347538,5.431125
110,1.0,4.0,1.65,0.701,8.69,0.1,1.0,1.9041666666666668,39.7,63.2,8020.0,0.0685,0.00108,4.17,38.7,6.4398749999498435,4.062125
111,1.0,3.0,1.67,0.718,6.76,0.113,1.0,1.9041666666666668,39.7,63.2,8020.0,0.0685,0.00108,4.17,38.7,6.439875000217343,8.76675
112,2.0,2.0,1.71,0.819,6.53,0.0554,1.0,1.9041666666666668,39.7,63.2,8020.0,0.0685,0.00108,4.17,38.7,3.550125000387095,1.498
113,2.0,1.0,1.71,0.819,6.53,0.0554,1.0,1.9041666666666668,39.7,63.2,8020.0,0.0685,0.00108,4.17,38.7,3.55012500019713,2.60975
114,2.0,4.0,1.68,0.815,6.36,0.0484,1.0,1.9041666666666668,39.7,63.2,8020.0,0.0685,0.00108,4.17,38.7,3.5501249996403015,1.581625
115,2.0,3.0,1.68,0.815,6.36,0.0484,1.0,1.9041666666666668,39.7,63.2,8020.0,0.0685,0.00108,4.17,38.7,3.5501250001363625,2.30275
116,1.0,2.0,1.66,0.716,4.88,0.0327,0.0,1.6241666666666665,7.96,69.5,7730.0,2.8,0.24,1.19,26.9,4.690250000490582,2.095916667
117,1.0,1.0,1.66,0.716,4.88,0.0327,0.0,1.6241666666666665,7.96,69.5,7730.0,2.8,0.24,1.19,26.9,4.690250000148753,10.113375
118,1.0,4.0,1.7,0.699,5.3,0.0286,0.0,1.6241666666666665,7.96,69.5,7730.0,2.8,0.24,1.19,26.9,4.690249999636148,2.046375
119,1.0,3.0,1.7,0.699,5.3,0.0286,0.0,1.6241666666666665,7.96,69.5,7730.0,2.8,0.24,1.19,26.9,4.690249999550491,11.310625
120,1.0,2.0,1.71,0.921,5.61,0.0576,0.0,1.8783333333333332,77.6,66.4,7860.0,1.01,0.0837,3.08,39.3,4.798249999680879,2.624875
121,1.0,1.0,1.71,0.921,5.61,0.0576,0.0,1.8783333333333332,77.6,66.4,7860.0,1.01,0.0837,3.08,39.3,4.798249999818757,2.842
122,1.0,4.0,1.68,0.894,6.07,0.0546,0.0,1.8783333333333332,77.6,66.4,7860.0,1.01,0.0837,3.08,39.3,4.798249999532847,2.989958333
123,1.0,3.0,1.68,0.894,6.07,0.0546,0.0,1.8783333333333332,77.6,66.4,7860.0,1.01,0.0837,3.08,39.3,4.7982500000783475,5.426125
124,1.0,2.0,1.7,0.761,6.03,0.129,1.0,1.9708333333333334,45.5,76.1,7310.0,0.27,0.00252,1.3,73.5,8.344999999619574,5.791125
125,1.0,1.0,1.7,0.761,6.03,0.129,1.0,1.9708333333333334,45.5,76.1,7310.0,0.27,0.00252,1.3,73.5,8.34500000002402,8.685625
126,1.0,4.0,1.7,0.743,8.8,0.118,1.0,1.9708333333333334,45.5,76.1,7310.0,0.27,0.00252,1.3,73.5,8.345000000339155,6.0775
127,1.0,3.0,1.7,0.743,8.8,0.118,1.0,1.9708333333333334,45.5,76.1,7310.0,0.27,0.00252,1.3,73.5,8.345000001254494,24.67925
128,2.0,2.0,1.75,0.796,5.55,0.0996,1.0,1.9708333333333334,45.5,76.1,7310.0,0.27,0.00252,1.3,73.5,5.8410000003095615,3.975625
129,2.0,1.0,1.75,0.796,5.55,0.0996,1.0,1.9708333333333334,45.5,76.1,7310.0,0.27,0.00252,1.3,73.5,5.841000000440715,4.182791667
130,2.0,4.0,1.76,0.806,4.95,0.0932,1.0,1.9708333333333334,45.5,76.1,7310.0,0.27,0.00252,1.3,73.5,5.8410000004427065,3.834125
131,2.0,3.0,1.76,0.806,4.95,0.0932,1.0,1.9708333333333334,45.5,76.1,7310.0,0.27,0.00252,1.3,73.5,5.84099999831888,10.96820833
132,1.0,2.0,1.6,0.708,3.34,0.045,1.0,2.0775,7.57,48.9,7170.0,0.0,0.0,5.6,66.4,4.62537499992239,2.129125
133,1.0,1.0,1.6,0.708,3.34,0.045,1.0,2.0775,7.57,48.9,7170.0,0.0,0.0,5.6,66.4,4.625375000434989,1.905625
134,1.0,4.0,1.69,0.672,5.29,0.0415,1.0,2.0775,7.57,48.9,7170.0,0.0,0.0,5.6,66.4,4.625374999833019,2.264125
135,1.0,3.0,1.69,0.672,5.29,0.0415,1.0,2.0775,7.57,48.9,7170.0,0.0,0.0,5.6,66.4,4.625375000006873,4.549
136,1.0,2.0,1.72,0.737,8.43,0.146,1.0,1.9583333333333337,7.03,72.5,7250.0,0.0,0.0,1.17,66.4,9.763791666950427,6.48
137,1.0,1.0,1.72,0.737,8.43,0.146,1.0,1.9583333333333337,7.03,72.5,7250.0,0.0,0.0,1.17,66.4,9.763791666708727,9.3675
138,1.0,4.0,1.69,0.718,8.4,0.143,1.0,1.9583333333333337,7.03,72.5,7250.0,0.0,0.0,1.17,66.4,9.76379166608182,7.648375
139,1.0,3.0,1.69,0.718,8.4,0.143,1.0,1.9583333333333337,7.03,72.5,7250.0,0.0,0.0,1.17,66.4,9.763791667032963,12.633125
140,2.0,2.0,1.8,0.786,7.95,0.059,1.0,1.9583333333333337,7.03,72.5,7250.0,0.0,0.0,1.17,66.4,3.9761249999069164,2.561875
141,2.0,1.0,1.8,0.786,7.95,0.059,1.0,1.9583333333333337,7.03,72.5,7250.0,0.0,0.0,1.17,66.4,3.9761250000949504,6.119125
142,2.0,4.0,1.81,0.783,7.45,0.0522,1.0,1.9583333333333337,7.03,72.5,7250.0,0.0,0.0,1.17,66.4,3.9761249998582135,2.584875
143,2.0,3.0,1.81,0.783,7.45,0.0522,1.0,1.9583333333333337,7.03,72.5,7250.0,0.0,0.0,1.17,66.4,3.9761250007271847,10.22416667
144,1.0,2.0,1.69,0.701,7.38,0.102,1.0,1.816666666666667,51.8,65.6,7460.0,0.0,0.0,1.27,44.1,8.203166666998397,5.46375
145,1.0,1.0,1.69,0.701,7.38,0.102,1.0,1.816666666666667,51.8,65.6,7460.0,0.0,0.0,1.27,44.1,8.203166666652905,9.22925
146,1.0,4.0,1.7,0.686,7.68,0.101,1.0,1.816666666666667,51.8,65.6,7460.0,0.0,0.0,1.27,44.1,8.203166666527153,5.276208333
147,1.0,3.0,1.7,0.686,7.68,0.101,1.0,1.816666666666667,51.8,65.6,7460.0,0.0,0.0,1.27,44.1,8.20316666875593,12.12141667
148,2.0,2.0,1.66,0.735,9.35,0.0523,1.0,1.816666666666667,51.8,65.6,7460.0,0.0,0.0,1.27,44.1,2.577500000518972,1.794166667
149,2.0,1.0,1.66,0.735,9.35,0.0523,1.0,1.816666666666667,51.8,65.6,7460.0,0.0,0.0,1.27,44.1,2.577500000000914,2.60925
150,2.0,4.0,1.67,0.731,6.82,0.0529,1.0,1.816666666666667,51.8,65.6,7460.0,0.0,0.0,1.27,44.1,2.5775000000902444,1.570875
151,2.0,3.0,1.67,0.731,6.82,0.0529,1.0,1.816666666666667,51.8,65.6,7460.0,0.0,0.0,1.27,44.1,2.577500000079588,17.164375
152,1.0,2.0,1.66,0.684,5.81,0.0589,0.0,1.7625,18.3,68.1,7700.0,0.77,0.0611,2.41,47.4,5.967625000028833,3.001
153,1.0,1.0,1.66,0.684,5.81,0.0589,0.0,1.7625,18.3,68.1,7700.0,0.77,0.0611,2.41,47.4,5.96762499954738,3.2215
154,1.0,4.0,1.67,0.661,4.96,0.0622,0.0,1.7625,18.3,68.1,7700.0,0.77,0.0611,2.41,47.4,5.967625000970553,3.042291667
155,1.0,3.0,1.67,0.661,4.96,0.0622,0.0,1.7625,18.3,68.1,7700.0,0.77,0.0611,2.41,47.4,5.967624999932455,9.08675
156,2.0,2.0,1.65,0.664,7.87,0.0591,0.0,1.7625,18.3,68.1,7700.0,0.77,0.0611,2.41,47.4,2.8077500000170876,2.3045
157,2.0,1.0,1.65,0.664,7.87,0.0591,0.0,1.7625,18.3,68.1,7700.0,0.77,0.0611,2.41,47.4,2.8077499994233297,1.835333333
158,2.0,4.0,1.66,0.658,5.23,0.0552,0.0,1.7625,18.3,68.1,7700.0,0.77,0.0611,2.41,47.4,2.807749999830178,1.764125
159,2.0,3.0,1.66,0.658,5.23,0.0552,0.0,1.7625,18.3,68.1,7700.0,0.77,0.0611,2.41,47.4,2.8077500001185487,16.6205
160,1.0,2.0,1.63,0.64,7.95,0.12,1.0,2.1791666666666667,18.9,83.8,7680.0,2.81,0.0518,0.55,35.8,6.956125000107245,5.164625
161,1.0,1.0,1.63,0.64,7.95,0.12,1.0,2.1791666666666667,18.9,83.8,7680.0,2.81,0.0518,0.55,35.8,6.956124999737671,9.009125
162,1.0,4.0,1.64,0.618,11.3,0.118,1.0,2.1791666666666667,18.9,83.8,7680.0,2.81,0.0518,0.55,35.8,6.9561249997628725,5.426625
163,1.0,3.0,1.64,0.618,11.3,0.118,1.0,2.1791666666666667,18.9,83.8,7680.0,2.81,0.0518,0.55,35.8,6.956125001942324,11.87954167
164,2.0,2.0,1.75,0.734,6.98,0.0432,1.0,2.1791666666666667,18.9,83.8,7680.0,2.81,0.0518,0.55,35.8,1.4066250002702168,2.011291667
165,2.0,1.0,1.75,0.734,6.98,0.0432,1.0,2.1791666666666667,18.9,83.8,7680.0,2.81,0.0518,0.55,35.8,1.4066250001119691,2.972625
166,2.0,4.0,1.73,0.722,4.53,0.0454,1.0,2.1791666666666667,18.9,83.8,7680.0,2.81,0.0518,0.55,35.8,1.4066250004593739,0.894041667
167,2.0,3.0,1.73,0.722,4.53,0.0454,1.0,2.1791666666666667,18.9,83.8,7680.0,2.81,0.0518,0.55,35.8,1.4066249999991718,8.493208333
168,1.0,2.0,1.72,0.655,7.21,0.0579,1.0,2.1133333333333333,18.8,77.6,8090.0,1.88,0.0302,1.39,68.4,5.105625000143449,3.697125
169,1.0,1.0,1.72,0.655,7.21,0.0579,1.0,2.1133333333333333,18.8,77.6,8090.0,1.88,0.0302,1.39,68.4,5.105624999965541,7.056375
170,1.0,4.0,1.73,0.63,7.49,0.0547,1.0,2.1133333333333333,18.8,77.6,8090.0,1.88,0.0302,1.39,68.4,5.105624999829912,4.0655
171,1.0,3.0,1.73,0.63,7.49,0.0547,1.0,2.1133333333333333,18.8,77.6,8090.0,1.88,0.0302,1.39,68.4,5.105624999383373,19.72175
172,1.0,2.0,1.66,0.725,7.46,0.194,1.0,1.9016666666666666,666.0,55.9,7010.0,1.69,0.39,5.52,49.3,10.916125000563135,6.237
173,1.0,1.0,1.66,0.725,7.46,0.194,1.0,1.9016666666666666,666.0,55.9,7010.0,1.69,0.39,5.52,49.3,10.916125000010183,11.732875
174,1.0,4.0,1.65,0.711,8.63,0.182,1.0,1.9016666666666666,666.0,55.9,7010.0,1.69,0.39,5.52,49.3,10.916125000291066,6.50975
175,1.0,3.0,1.65,0.711,8.63,0.182,1.0,1.9016666666666666,666.0,55.9,7010.0,1.69,0.39,5.52,49.3,10.916124999841804,8.534
176,1.0,3.0,1.65,0.711,8.63,0.182,1.0,1.9016666666666666,666.0,55.9,7010.0,1.69,0.39,5.52,49.3,10.916124999841804,8.534
177,2.0,2.0,1.71,0.748,8.77,0.204,1.0,1.9016666666666666,666.0,55.9,7010.0,1.69,0.39,5.52,49.3,4.660749999820045,3.576708333
178,2.0,1.0,1.71,0.748,8.77,0.204,1.0,1.9016666666666666,666.0,55.9,7010.0,1.69,0.39,5.52,49.3,4.660749999998433,4.892875
179,2.0,4.0,1.71,0.742,8.92,0.212,1.0,1.9016666666666666,666.0,55.9,7010.0,1.69,0.39,5.52,49.3,4.660749999922413,3.481125
180,2.0,3.0,1.71,0.742,8.92,0.212,1.0,1.9016666666666666,666.0,55.9,7010.0,1.69,0.39,5.52,49.3,4.660750000163209,6.101916667
181,1.0,2.0,1.7,0.743,9.24,0.112,0.0,2.1941666666666664,125.0,56.7,6980.0,30.6,13.1,7.61,33.9,5.099750000013234,2.986375
182,1.0,1.0,1.7,0.743,9.24,0.112,0.0,2.1941666666666664,125.0,56.7,6980.0,30.6,13.1,7.61,33.9,5.099750000004038,4.979625
183,1.0,4.0,1.65,0.657,6.06,0.065,0.0,2.1941666666666664,125.0,56.7,6980.0,30.6,13.1,7.61,33.9,5.099750000032612,2.674
184,1.0,3.0,1.65,0.657,6.06,0.065,0.0,2.1941666666666664,125.0,56.7,6980.0,30.6,13.1,7.61,33.9,5.099749999889752,10.01475
185,1.0,2.0,1.71,0.736,8.49,0.103,1.0,1.9991666666666668,123.0,38.4,5840.0,5.19,0.91,6.4,36.6,7.772999999522598,5.552125
186,1.0,1.0,1.71,0.736,8.49,0.103,1.0,1.9991666666666668,123.0,38.4,5840.0,5.19,0.91,6.4,36.6,7.772999999990932,8.322625
187,1.0,4.0,1.57,0.91,2.54,0.07,1.0,1.9991666666666668,123.0,38.4,5840.0,5.19,0.91,6.4,36.6,7.772999999656849,6.691375
188,1.0,3.0,1.57,0.91,2.54,0.07,1.0,1.9991666666666668,123.0,38.4,5840.0,5.19,0.91,6.4,36.6,7.7729999994186265,30.48375
189,1.0,2.0,1.75,0.67,8.04,0.11,1.0,1.9991666666666668,123.0,38.4,5840.0,5.19,0.91,6.4,36.6,7.772999999522598,5.552125
190,1.0,1.0,1.67,0.97,1.74,0.14,1.0,1.9991666666666668,123.0,38.4,5840.0,5.19,0.91,6.4,36.6,7.772999999990932,8.322625
191,2.0,4.0,1.74,0.761,11.6,0.181,1.0,1.9991666666666668,123.0,38.4,5840.0,5.19,0.91,6.4,36.6,4.2712500001340805,5.666375
192,2.0,3.0,1.74,0.761,11.6,0.181,1.0,1.9991666666666668,123.0,38.4,5840.0,5.19,0.91,6.4,36.6,4.2712500013500465,14.84604167
